items,freq
HAND WARMER BABUSHKA DESIGN,38
ALARM CLOCK BAKELIKE RED,34
PLASTERS IN TIN SPACEBOY,32
PAPER CHAIN KIT VINTAGE CHRISTMAS,61
"PAPER CHAIN KIT VINTAGE CHRISTMAS, PAPER CHAIN KIT 50'S CHRISTMAS",40
ASSORTED COLOUR BIRD ORNAMENT,47
CHRISTMAS CRAFT LITTLE FRIENDS,33
SET 7 BABUSHKA NESTING BOXES,37
HOT WATER BOTTLE TEA AND SYMPATHY,53
RETRO COFFEE MUGS ASSORTED,33
HOT WATER BOTTLE I AM SO POORLY,36
JUMBO BAG RED RETROSPOT,46
PAPER CHAIN KIT 50'S CHRISTMAS,76
HAND WARMER OWL DESIGN,72
"HAND WARMER OWL DESIGN, HAND WARMER SCOTTY DOG DESIGN",47
"HAND WARMER OWL DESIGN, HAND WARMER BIRD DESIGN",42
"HAND WARMER OWL DESIGN, HAND WARMER UNION JACK",33
SCOTTIE DOG HOT WATER BOTTLE,49
NATURAL SLATE HEART CHALKBOARD,32
HAND WARMER SCOTTY DOG DESIGN,74
"HAND WARMER SCOTTY DOG DESIGN, HAND WARMER BIRD DESIGN",42
"HAND WARMER SCOTTY DOG DESIGN, HAND WARMER UNION JACK",36
HEART OF WICKER SMALL,50
SMALL POPCORN HOLDER,40
FELTCRAFT CHRISTMAS FAIRY,34
HEART OF WICKER LARGE,48
RED WOOLLY HOTTIE WHITE HEART.,61
"RED WOOLLY HOTTIE WHITE HEART., WHITE HANGING HEART T-LIGHT HOLDER",33
PACK OF 72 RETROSPOT CAKE CASES,38
RED HANGING HEART T-LIGHT HOLDER,33
JUMBO SHOPPER VINTAGE RED PAISLEY,33
KNITTED UNION FLAG HOT WATER BOTTLE,54
"KNITTED UNION FLAG HOT WATER BOTTLE, RED WOOLLY HOTTIE WHITE HEART.",36
"KNITTED UNION FLAG HOT WATER BOTTLE, WHITE HANGING HEART T-LIGHT HOLDER",33
WHITE HANGING HEART T-LIGHT HOLDER,82
JAM MAKING SET WITH JARS,36
HOT WATER BOTTLE BABUSHKA,46
CHOCOLATE HOT WATER BOTTLE,46
SET OF 20 VINTAGE CHRISTMAS NAPKINS,33
FAWN BLUE HOT WATER BOTTLE,36
REGENCY CAKESTAND 3 TIER,61
RETROSPOT HEART HOT WATER BOTTLE,40
JAM MAKING SET PRINTED,51
HAND WARMER BIRD DESIGN,74
"HAND WARMER BIRD DESIGN, HAND WARMER UNION JACK",35
60 CAKE CASES VINTAGE CHRISTMAS,36
RECIPE BOX PANTRY YELLOW DESIGN,33
WOODEN FRAME ANTIQUE WHITE,32
WHITE SKULL HOT WATER BOTTLE,48
ALARM CLOCK BAKELIKE GREEN,38
HAND WARMER RED RETROSPOT,63
"HAND WARMER RED RETROSPOT, HAND WARMER OWL DESIGN",35
"HAND WARMER RED RETROSPOT, HAND WARMER SCOTTY DOG DESIGN",37
"HAND WARMER RED RETROSPOT, HAND WARMER BIRD DESIGN",33
WICKER STAR,34
HAND WARMER UNION JACK,85
